0,1,2,3
-474170.30232016195,-375667.35291023314,-544113.9877636958,-520048.257836155
-547848.5669212241,-392179.7964589487,-347115.9855523773,-417802.06236002396
-521024.6654422885,-332712.1442153333,-477609.3326373622,-329126.8724896849
-348303.4613725051,-481870.7763341995,-357757.08133519907,-451053.58088497684
-444674.5601301601,-480703.4682928498,-384538.7630590144,-617684.6522764494
-426979.467810232,-386069.96785957034,-306031.90625586093,-533020.7040710677
-354990.76775025425,-484170.5124941739,-358401.9981846178,-461266.0047112286
-491659.0427449065,-319441.9334734653,-515028.7738072373,-460281.17195426335
-361861.43361361645,-554678.2954621686,-322410.68411129044,-467069.6498231263
-461640.7165990511,-496871.8400506639,-557614.1461598016,-475116.6623031721
-595621.0053344936,-418515.91391646775,-447150.63891596074,-407135.7177692707
-422121.060880229,-431896.0763013669,-428229.98839628906,-442214.2052373614
-504138.7853271351,-324816.70991329395,-535964.2001631312,-388034.9721657162
-330875.4766741727,-320840.089355329,-385444.33257998707,-338023.3875887839
-352337.9784960268,-421964.7465385016,-547992.9009237484,-470246.0295276045
-446454.5871837018,-554183.5821828416,-376773.37539417273,-527869.1991820525
-366671.24005278776,-363401.203688852,-374578.2767013693,-351417.2538082985
-360176.17079659045,-367428.29200148425,-442208.2264365664,-833339.5304389592
-468934.392191135,-490317.8300591416,-427490.5242320973,-431823.36398227495
-347127.18735324737,-446227.18611383345,-528580.1452680577,-454435.905126891
-389015.69511703274,-344660.8552965635,-498703.29015472915,-491964.8535268868
-457701.4442198921,-341261.5731762372,-497690.43445461063,-376079.6419757718
-383138.7510738088,-486384.8511058309,-503016.8646564346,-527929.7673092819
-535349.5692833422,-439998.93082990637,-359536.77519545745,-502229.3894544757
-384656.37790657993,-373557.68262652936,-495037.689637563,-455561.3972760958
-526078.2449509334,-519281.29997678584,-453689.46619138087,-669900.3801512122
-533580.0256713711,-580074.7860871775,-504795.91140291636,-436556.2015504148
-568652.9835080539,-370959.4031281704,-469402.9801776061,-532643.181578812
-404814.6865429364,-518775.97712641617,-550437.6338450051,-516210.21189405274
-375500.0993449222,-471091.3278699222,-552765.4380191875,-505186.61718284595
-288171.2834420938,-384378.01903440454,-351479.36447096296,-586963.1241769975
-413754.1006717745,-600405.595045742,-666504.9161783105,-665945.797867145
-311138.03722670814,-318895.5394191799,-313009.8966767088,-347167.748035915
-473208.6204955422,-414344.7101379828,-405152.94028763036,-382437.9963004368
-330773.33635876694,-542494.3233622729,-423098.48747021344,-538927.803128701
-381275.93775302754,-469146.89996019786,-411067.5966357957,-375277.820462618
-293054.0925580563,-332585.11008454335,-382326.1753072616,-474755.526530418
-498897.51615486114,-400556.28163800016,-386340.5586557467,-357832.96662082314
-375138.89475642424,-462211.01222055574,-303887.8473156461,-434055.3924079253
-459463.4148620493,-328662.998623293,-394521.9039664233,-464516.87559365516
-483405.1255178994,-411145.64439201227,-430580.62047362985,-374826.5117904592
-473705.89120335254,-793602.6172638718,-426928.62575568625,-448649.80455581774
-446628.9310166943,-370141.66301874444,-462929.3333291391,-399784.747259913
-385537.99342694675,-347208.91621563275,-664528.6388451926,-458882.80556817946
-322921.4747280532,-431529.9686907149,-349459.6301910286,-364367.4277200799
-591075.8684389666,-382149.38415603817,-523747.5275157863,-848101.222112132
-532061.9679298266,-374920.078385108,-334353.1247445684,-460443.4246229111
-269520.0656479258,-486553.52658403706,-489194.746957255,-465597.19028407836
-382152.75491626054,-333711.46001830423,-471904.8766150945,-434765.58298559464
-554577.2285491547,-286721.350915017,-342300.4817655646,-320644.40427403536
-613348.0418287279,-395521.8773075845,-473624.00606743863,-405961.63098664116
-420659.4235223903,-279571.43408794876,-407125.32470617286,-542822.4815586074
-291943.8345302973,-413074.66173004196,-422089.0776246428,-765588.4792494493
-406923.6805023953,-288894.3783005743,-338270.56803968933,-372152.17344163987
-419356.68047713244,-360834.88520755206,-447654.35860894644,-409443.52133425855
-390364.84112273867,-363777.47882817267,-326943.77837272506,-408613.27984716464
-441095.80340030434,-354950.77647226094,-475300.96156888554,-365330.09118031734
-451135.7270865172,-506099.7770134443,-746021.4054375296,-355899.5067879526
-435533.34301829967,-548795.8132799715,-544917.7737242948,-394274.7478503626
-413214.8981994268,-457385.1230311764,-400136.9333083377,-537876.9440480745
-330899.09865344135,-474826.7808124757,-314402.4817260382,-699063.2375371048
-358127.6356318626,-354039.8361054569,-466944.9036629664,-399882.29465706425
-364777.333129623,-453989.6932686042,-335895.2215131394,-443049.33605587186
-356677.7520154293,-355999.4716507387,-325009.26064483804,-495049.5990036126
-439391.1986517077,-414594.0615813862,-321806.1012025353,-292375.0824985238
-537858.2884409414,-369477.39493305807,-320618.55536565516,-418165.8317466581
-466802.084483921,-453607.8508575138,-486123.48308392044,-488052.20131013176
-479371.4468326831,-523628.13473008526,-474947.54158223904,-401551.20442166814
-357997.1312472343,-440857.8443120325,-384866.81979374256,-337857.5767654767
-497993.44222008006,-466574.61080604326,-346943.8844579628,-306950.081519714
-363148.8727011097,-667687.5698039652,-365411.69429536705,-503543.20904295624
-574536.1434435272,-583930.7765581798,-522611.391656766,-436957.6529655545
-576471.8878330175,-396872.5911999244,-416439.08515482314,-492690.8912491808
-379696.0181085379,-338498.247647596,-445522.2142120179,-307472.1289064409
-567703.2819467199,-386010.3667715302,-510194.06610469706,-433534.8299162172
-289866.0567228144,-337272.1319226743,-453944.82795747794,-569876.8051377824
-523653.46545185597,-482601.4017652469,-426619.8407175858,-414824.667975597
-380757.3529712657,-581303.9224971915,-446322.00640707556,-308476.6502692615
-549685.0944640188,-322049.8268225521,-452102.3836163066,-413556.18946568685
-376247.6357812408,-366817.30850340525,-308051.5338705978,-438860.2073326653
-325071.0554696552,-885900.4908464473,-402729.0551063109,-675569.4350373655
-490779.81330397894,-461260.79755583603,-436536.0476666221,-574259.1056071983
-290359.73902687716,-480657.051162346,-403915.1381079068,-666788.6276888066
-412279.6241693363,-688281.9696392125,-448879.56734231755,-367398.77488378924
-453254.7119427732,-420549.8002107169,-411651.02894094354,-477938.63279780245
-672621.3400859522,-456694.46932084655,-533653.139425483,-523002.64711351605
-366403.27270057256,-513351.29923845973,-421016.171826114,-360726.95590261597
-338061.92603918933,-442922.4947564072,-686254.1400522107,-394477.3474659955
-341851.0192372053,-447579.59597883164,-371848.45272231835,-383471.1816524702
-647296.346144145,-425938.2558909867,-398776.8688742992,-520039.56694859127
-437313.8645593811,-342318.12921515916,-507893.24055511405,-384331.4787117053
-656315.5081248957,-425050.84799678,-441232.5996868121,-302624.18935101526
-424646.61936007044,-447027.1327060593,-409576.37467807997,-380080.51764709724
-531549.3119152405,-422193.5363555188,-499214.4968754985,-450016.66384812084
-516670.0681023177,-279022.9829919209,-464181.72399405047,-541393.8026115631
-479539.43628287537,-313874.221516576,-439999.98095147125,-568901.3781131954
-391377.1743527512,-448780.80802758376,-382322.7570902548,-339911.38343327685
-364293.6707470598,-471095.24672074,-367253.4723693505,-418648.04151554825
-501303.85208723444,-371580.22265526996,-345131.0594643478,-477279.36948489386
-462942.94954694057,-455184.36876253935,-421230.5250567646,-340497.7824985961
-386960.0008104052,-351716.6997361707,-363399.5832715118,-299901.5274358776
-328254.3523432662,-449036.06593486696,-373431.0969814677,-538151.5819041708
-345466.0666942744,-356243.3037064364,-353029.7171354201,-394789.4772967866
-364323.7930809904,-335796.3359428697,-399201.7583746254,-558481.2147197825
-315168.30887985206,-629481.2387313143,-339104.89002023253,-475037.4643658854
-408804.2931440384,-317769.11360287585,-441483.9353626217,-364967.49556904746
-326167.8956050552,-427557.5229174496,-493467.02978088916,-381973.9849810872
-481212.7376906811,-493814.74838671676,-539031.9830837449,-342126.1031804924
-671605.5023570592,-507867.30879794003,-537310.8998241021,-642859.8724555402
-316642.291914797,-564360.0820977625,-310196.3229943771,-376428.8012401755
-490252.01888123417,-426101.61125532974,-477253.8903364254,-324242.4815707069
-473060.919107203,-353164.29492853535,-300810.80018445954,-368447.8155013076
-348670.17622345407,-459724.26529560104,-474406.72703613766,-454667.9527911652
-614987.7036240855,-430486.5983362706,-431885.383502773,-406626.4126252568
-507742.23704401514,-383459.39230002504,-370561.31940363586,-517211.3831579258
-582349.4143905186,-633208.8334864598,-271895.47346739,-391355.35014839197
-273073.566802386,-517777.93870446534,-369670.75750033744,-320003.3356380902
-423262.73961656267,-478317.87181678833,-334170.6618792047,-390337.2469226903
-314416.18579737976,-525608.0001538243,-389862.053978203,-439640.2997586735
-516122.52081645775,-351397.6466610374,-546930.0503600562,-307144.4989347529
-261381.48154776258,-389726.31621099997,-497982.61122071376,-384319.2818886985
-255712.41423048565,-304482.3033048184,-476948.6937664284,-504146.94849472836
-314977.50715857226,-434951.497784526,-487947.5409974034,-368909.6409904924
-508760.1343483163,-720644.8540679619,-350383.80211740837,-278037.59674526396
-318573.2038741551,-548381.8534028493,-383439.3315357448,-341793.52483412967
-391250.4591235451,-403586.8497107769,-334642.8105714171,-436452.63492399326
-433418.24123505224,-439217.15032898495,-602303.2221390182,-507750.521059901
-473823.29530528176,-483059.4209690105,-430946.1338746239,-558237.4458752736
-343287.0136488282,-383493.0239224469,-567591.6441812377,-301472.174386057
-457274.71592386696,-317991.44512133405,-292353.79278095945,-311774.56193690724
-508723.4804366959,-298127.58567931666,-476410.68020989606,-345213.8786135365
-373932.64327298047,-311636.4365750034,-390024.9490860819,-491533.6259647425
-386363.6974937733,-315294.42832363996,-349415.72720216337,-452697.8825594403
-389517.9319834874,-369868.1457530282,-438329.9349459136,-654955.1576050498
-394817.67396375653,-463480.6864136249,-383209.20694194373,-439699.55927703815
-422867.41835954733,-424787.4853601872,-394719.4746381353,-436465.9036165332
-657872.053655094,-495476.21505040524,-347826.0783287067,-450572.76792434335
-358052.1125015677,-364026.1822041094,-595789.6522900612,-356531.782884736
-431187.1871940422,-352837.7007641619,-285022.02683187684,-379966.06435337284
-411101.9338301132,-370519.14990151516,-324823.209932912,-413089.285019912
-311871.66398484574,-315569.3518081157,-330937.58871431224,-396866.7897431911
-419004.3907151915,-388639.3120869655,-359605.7036108566,-341560.84626439755
-330008.634281844,-300135.6401994503,-409228.4854222913,-351235.42726366286
-500531.5909739181,-496827.1072801826,-455295.99928151845,-532873.9681225539
-359453.6591976348,-462346.0443058224,-480129.6668329805,-482385.79159827536
-586250.03973588,-295433.95655523735,-320211.2733482065,-361230.6082344864
-359370.2932753832,-522452.3694019399,-412729.8290501454,-545006.7582763609
-408399.9447908999,-441953.6377185112,-482535.01948696043,-473888.90447318973
-442127.23876449635,-316248.8332160607,-279279.73324667965,-388079.27024989045
-386308.260637164,-406697.9939923198,-395234.33968254953,-402953.1697259678
-462049.4218587917,-459463.05689190497,-346064.53843431367,-341632.6298894831
-500341.89783413993,-593976.3676145693,-320012.25003563974,-332992.96094693016
-444017.01204027014,-479226.962496139,-364964.5599182748,-338750.26778026216
-497661.82406504534,-367909.70401543286,-339631.2319822623,-351706.6642350093
-377434.6506566676,-495353.2497046445,-448146.0098563849,-267515.27421084786
-276935.74919336307,-296938.45212646795,-324601.436892839,-383915.68881054706
-302607.9146989694,-477984.3767817006,-279430.76198548934,-552585.8551559823
-503453.83353020484,-533903.759995626,-234078.99651489966,-382866.06273243873
-536385.869118853,-392148.7382554335,-593865.2733091832,-238184.97570756616
-341468.064197551,-481058.4214568341,-570158.892590872,-698336.4700720476
-315981.90623900207,-338798.8578919288,-351828.19888961915,-364355.6932701252
-686104.530084135,-317428.3830739033,-639023.444456546,-357056.112395558
-321248.7953090366,-315371.65955001046,-354463.71525863494,-392871.3366132784
-317481.1165827305,-447694.3454091537,-512211.66275236785,-464247.11008148256
-812039.7417883214,-419782.54104215244,-424070.56733235857,-467356.6131867608
-583424.1795426236,-383469.27250460343,-502701.0282737996,-288539.079345376
-416242.86645096686,-451684.797992664,-451998.9098778374,-287718.38949622755
-288761.39337644854,-318707.7362979662,-382103.4324551595,-411756.2881117778
-362514.42120708834,-460414.8602715456,-343701.6827572069,-528169.262909183
-262534.51150607236,-548701.0325614585,-361035.6409702419,-393570.3655523725
-425398.06710798823,-290002.2036336755,-343153.9768331271,-337181.3888393957
-403269.22896563855,-395641.96114558313,-374992.0324324365,-465968.9164992743
-340150.7413149264,-361329.7690464845,-402333.673475726,-297528.3226408888
-339998.42650462,-317415.0442399073,-458441.4692774884,-507326.64186478546
-348016.6621371962,-459194.51811463304,-317030.24805992434,-376925.5415611933
-453634.0180505431,-480873.72396900906,-353255.68740404525,-553531.0745357883
-519119.5532586259,-336507.1778133035,-389648.7761480701,-319106.30062445113
-271285.6508081115,-409292.0098831665,-279852.96504379576,-355301.82886852336
-259979.09118826347,-593080.4458733951,-309727.16656927957,-348094.2800326421
-868068.1603961452,-527904.2539293799,-368667.66912817233,-332596.2476144939
-514126.5229635251,-472747.77686810243,-455534.5640837133,-538191.1136545205
-278871.2313081078,-476085.5586036492,-580894.1965195745,-325233.7528000681
-497204.1287631968,-596337.6139254426,-531335.155291025,-330181.07421154255
-304623.52895024157,-346566.2230882436,-349429.3763888694,-335667.8352629061
-475499.0355726086,-446012.04973483965,-431072.791653807,-369632.1872289413
-467331.64705608686,-436456.3159023846,-550788.2126352475,-403715.8648017936
-750715.2819169314,-547809.2303889006,-372708.82245662005,-400906.61801307864
-452764.0782825002,-633885.3126208305,-401813.4713740988,-378401.8541038758
-348304.04465945007,-561887.7519098951,-342972.7368316764,-389749.29653539957
-458719.65635455167,-333748.11346846435,-338528.0905368385,-405101.2273445331
-326405.1821688003,-457032.5781647928,-454108.30973690614,-368505.6521239594
-448246.6451068758,-273475.91421090235,-310767.3918274379,-815911.3518466374
-343850.35108266136,-479286.8800416367,-320361.8250503186,-398903.87845579576
-274123.8293999667,-464305.77886849217,-632308.6936416572,-610285.2107340482
-788585.1315425932,-468701.65624301677,-425594.7615643094,-329201.2678661351
-547672.5092241801,-463079.07893986854,-322451.90718496504,-350621.5107891956
-472714.92614286405,-296838.51605189487,-525825.2805220657,-422004.7663187771
-393940.2677533269,-356393.91059267963,-415861.49198512366,-459699.17758065864
-512235.4696430049,-425347.4885348703,-479293.2540065327,-355223.80111199815
-349620.4142166043,-497827.052897558,-461366.7342804168,-544870.2150462326
-719391.1798775276,-330141.7309248366,-483402.9281313786,-762673.7583970422
-495209.1318065031,-530724.9406930801,-396424.6951391459,-339490.3969035217
-682482.3297034154,-341638.3653045043,-391303.49145550706,-397752.3498151783
-505762.694726934,-465640.0672655797,-472667.91395729047,-412796.15698509914
-364112.7814231824,-437916.32677009876,-383344.9164014824,-401213.1602143598
-514746.1566683305,-445052.1615246344,-504393.9166989828,-655650.0659921076
-366541.1877021719,-314790.6514209986,-454233.38603465335,-637362.8667680754
-296490.727809212,-426069.02426482097,-440712.964085926,-543419.9384999416
-419435.3502762102,-509595.8537773502,-302086.942203434,-344711.9244610639
-569071.5944963612,-542996.610277093,-583227.8870941481,-475275.8486025932
-408490.7313301468,-349385.7757547884,-614107.6512464288,-414712.51194830774
-431434.5812191476,-318038.70773844904,-402426.4643500421,-581945.468124097
-507197.41025386157,-506884.18061027,-508941.3867898011,-445322.7735831812
-476292.7610915864,-808362.673535453,-525550.359634972,-305192.9347164751
-331383.9276413879,-328243.2949329793,-497879.2013927362,-527848.0201115081
-470690.27529568155,-412366.55666999926,-484393.7233721953,-510244.0539940466
-592003.1516610043,-354371.4946680946,-413953.7248153964,-527481.9534278279
-629667.4726672972,-391418.1661671553,-427118.78860420274,-510988.7843417052
-565834.3413954893,-482650.8184569274,-280893.5850645944,-455962.8333534215
-316720.6602948189,-408314.1285211586,-533830.8194936524,-337257.89315023646
-389217.23641900835,-516469.04883542727,-493076.1035686582,-573257.0166076485
-454531.4690686948,-416924.7857689057,-502653.19861932297,-800904.7440744425
-364543.9011607722,-607748.5193726898,-436567.3634710983,-572109.2435285153
-334717.40042188874,-485652.03016940673,-402656.3707137404,-479422.69289787667
-594291.0254387583,-490067.48728010507,-647219.6010761508,-434183.61038698466
-509546.8786802336,-335679.8336180096,-417042.63711695815,-382414.6364067984
-447293.9610607881,-456763.7587816341,-533358.3541496785,-384470.75665207586
-495924.55423959973,-414094.78647687315,-351854.66020088486,-438423.85752923484
-431918.992523714,-502186.1384360956,-423382.174660471,-462219.94942560093
-375275.51051691937,-406927.2081309019,-472694.9469683429,-601976.6155399083
-505013.3214435148,-514434.53060666117,-409012.49596719706,-359824.400396277
-609600.952590426,-493194.4546973524,-491803.3882094549,-508955.03008798574
-470431.17966726224,-350632.27253801445,-401266.14617109625,-473963.9109412679
-405304.7095775833,-400828.145298182,-305132.4376348722,-477744.45710527414
-461758.27346755785,-429185.95959218184,-508667.2377674196,-500506.4094749284
-488436.5965283573,-489732.6116365349,-475529.95449053735,-795184.1830764204
-518410.86016680737,-529131.9631841484,-645518.5283825146,-650410.1670286616
-611906.6729417853,-545965.7052064462,-515549.4785479657,-265818.39488630387
-514132.27381952986,-704556.8586190102,-724331.1384702591,-367277.60830123496
-394514.4521675745,-733080.8560071777,-366224.8324874639,-576198.030178905
-263640.392989658,-432086.6850010317,-675989.122067215,-363565.58473295235
-356496.27325198235,-426103.3870844,-475743.5201348294,-504243.953831661
-409342.52476338303,-569060.4890001976,-607722.3465264285,-424620.68722700997
-476778.8941666056,-545419.6207986213,-455428.0020307631,-298777.48947596713
-522466.980635233,-314374.65523274784,-389984.8345269998,-565153.8777567575
-465835.3222564969,-509294.83536763187,-516546.0156003849,-570232.5845718419
-402583.16844954167,-512034.73621207225,-650072.6943026207,-380274.88523589505
-325458.5927088571,-486839.4162640264,-480676.20657645684,-373572.20321338373
-745089.7968708085,-348278.21852340887,-446850.42158416065,-344633.19370424695
-515239.5437675383,-427618.94155349344,-425334.7908932447,-700605.6802409613
-345002.4511659085,-514140.1746352543,-362434.1160903866,-415913.3033219476
-552498.1770949429,-434698.9493402292,-430170.882072691,-305272.21608792234
-455342.4475937375,-608399.9303735716,-500197.69858901214,-323522.0948153095
-468993.2858247307,-380626.08298262046,-335384.274684679,-621627.4518696822
-633510.0591379182,-371293.2107479024,-433023.02282818715,-497858.99312519166
-367100.2395381625,-488173.1266764585,-563832.478319351,-435388.4210821015
-450555.37315819674,-662363.8002597516,-374119.1589955159,-472353.48784944625
-618177.7184317452,-441690.57441870664,-412811.2545663848,-550192.9135662254
-531821.8562951492,-582502.4566268928,-774317.3879844084,-403089.21870248194
-448100.0218955979,-520576.68887653406,-439750.8701375718,-545726.9264745731
-597631.7115708748,-611295.2980860578,-422007.4463896523,-554237.936361269
-386988.0539287154,-332781.0378219294,-520792.3957705027,-484367.0117306112
-669050.0663072687,-316142.70314901875,-388519.3269257416,-359958.0570859218
-632817.0195917268,-560234.4597324178,-462506.6294320524,-586769.9375793979
-577468.0967006735,-529707.0605698889,-413178.22530782386,-625814.3648018655
-462914.1212536585,-727286.0371045376,-496068.42874964816,-565990.3319291407
-507430.0460213286,-385442.93518027716,-516524.9373515789,-329094.1560943924
-535018.6746996724,-525679.6783632851,-387333.6467878277,-334427.60382105253
-435237.99995007564,-499164.52605578507,-406153.48110390693,-404978.5477898203
-446417.4586390092,-335549.05942774,-618474.0546386746,-696882.3167413576
-469104.94381218584,-420373.91079559195,-425239.99783522444,-347198.556224387
-437113.8009384437,-432410.0604859519,-385739.8086354438,-511684.16158561903
-372169.0723405343,-748781.7923155657,-550079.4372187285,-381784.0759368604
-353724.7745537351,-362740.1204780935,-475957.1038379583,-392047.2396413476
-445104.84928801813,-423977.84089575877,-890057.0116508804,-643341.9177326751
-649903.9423247795,-379457.5974108628,-919990.2279109062,-456470.4447075249
-489926.7446866054,-572737.488737824,-512022.74242174247,-302127.6830271846
-545504.1864819849,-668641.6621656532,-575573.1203301676,-445281.4038636369
-458196.3416856274,-401195.46251947037,-365781.0466860707,-445585.59064122423
-281970.29402531,-471310.2434078392,-445488.4480873336,-555297.4978567165
-525653.3577619692,-820032.5826750707,-538255.2310748268,-427025.7621822705
-284311.0077052377,-721290.7884856719,-685079.4195034936,-698966.2429670118
-546574.5384381267,-364625.7486001747,-955656.2143816701,-560291.2008533598
-831204.6115131777,-778945.7754837738,-619257.5420913409,-441953.700709557
-480477.5010759165,-361596.59819852904,-527239.8534354612,-434870.6988559979
-744556.4709586866,-451938.41642953263,-349431.9699477221,-416641.03183539485
-448349.68696563283,-277505.8419861095,-849907.6733290274,-590866.0370235371
-468737.3156186497,-646181.8858113891,-388580.25872727315,-384312.5914824447
-362788.2755942896,-559466.0872285868,-548139.0477905215,-365259.16753884783
-384825.62025953433,-324626.0768399373,-323930.47127708525,-660365.5358465287
-839794.9227297123,-515623.64220595936,-557087.9063732068,-342512.3499291662
-342952.90228451754,-549905.3934797614,-493832.83601631474,-386088.48457810876
-592873.0559569234,-535442.0229525816,-424187.94361377286,-464268.7746616217
-474926.32642100943,-661373.7905187961,-284677.9914382515,-437804.12819295423
-779809.5231083322,-549962.8562666768,-455552.2947312394,-638618.0062292565
-449419.90023298725,-417144.9963115372,-475603.8651771489,-716715.6135979824
-477794.1469792654,-691147.3246846986,-701250.9644808939,-714140.873486747
-665154.9942710919,-544163.7385587083,-782297.605161706,-488161.50071812625
-441507.61658930354,-399994.0658860228,-489469.87655888655,-489174.0433750526
-800954.5888452766,-404673.6692840192,-564451.4555534603,-493380.06178355776
-679687.9026336315,-358567.5885243485,-487034.20269479003,-433947.61095969356
-372305.1381840537,-547829.1716941283,-550256.015099832,-743039.932663315
-363855.4085411355,-406549.8498009565,-671009.1572594658,-506664.8208191474
-355292.2363149856,-628671.6481373603,-495393.9977549178,-376486.8608884723
-430830.1179735209,-435140.68397815805,-501913.7299662265,-407190.4678290462
-484316.5963500811,-346178.60743292456,-425763.2267125452,-607174.1213502499
-480682.5076679287,-676844.3599558006,-540402.8200819341,-649211.9644399724
-420959.3119007699,-856784.0958787422,-455215.61538557406,-524742.9407391425
-460580.33656899736,-416875.3147318096,-662200.5413045789,-431487.88560783287
-499425.06187382416,-414500.36977249867,-555594.9458876192,-471276.2887800176
-708345.8406421099,-481816.7314494113,-550897.7281663548,-603949.0724202245
-574461.4165677661,-574535.0483101945,-637978.6848560851,-727145.6743565252
-598278.0038743916,-499665.74027426157,-596540.8226557781,-465614.77324103855
-413645.0028948119,-473044.0924208651,-777795.8941421681,-578476.6467002316
-671033.4784159522,-479246.00914392545,-501507.9804827509,-318829.1360426758
-427166.80191595014,-374188.3071223713,-669954.6273617818,-488075.9528361859
-516734.07752484997,-447549.51493076334,-415514.3781606494,-491079.4025222514
-326911.90123262384,-422211.9655452637,-720885.764048435,-480016.7616461568
-696821.1733047572,-384013.96240285796,-436280.7095534955,-681565.7675684912
-551806.5005821488,-364994.3186330262,-418588.3227157022,-542447.5046047021
-336853.1675601503,-397130.0525894243,-490189.9073844756,-629259.5982825927
-675767.1798191227,-629635.9465220738,-351282.0022066863,-446995.4888761632
-571840.8080374434,-528305.0489169991,-454378.75981841254,-459969.7336935143
-787389.5349665168,-574459.7447429256,-435381.1000334618,-385527.0457438696
-482303.1177047332,-593550.7518349213,-435798.11484897125,-736763.7772577197
-326793.159580078,-760320.0149743886,-540628.4356808093,-535831.3028024245
-459402.4084905914,-604040.18852752,-674920.8509289772,-435530.2115739557
-795726.2932356154,-738826.6081442855,-452513.101171441,-450242.9574220881
-443489.9037227137,-635229.4498190468,-524982.973876504,-505078.6199332947
-340556.1442255561,-738763.2671025968,-540390.2532149366,-450469.63904450234
-374584.66566237767,-696585.0819191413,-656258.9840224162,-414153.361675469
-594122.8733301909,-422891.999483135,-415387.6555221371,-512942.63020742853
-470141.3287783226,-370676.2245631859,-528020.3030660303,-401785.53171619645
-460120.4991201309,-515938.4950744285,-659021.2919095564,-352087.0770271108
-545940.7067688545,-462342.3925559353,-691881.8348895824,-683755.833332549
-348436.98655465356,-468018.0545233829,-568442.1323691464,-675002.286354698
-773483.5056606409,-1032205.0624528946,-422990.53607528785,-577192.8931043271
-786021.2375189452,-426419.78009059845,-746397.5577459022,-585037.7956619642
-757714.3610109286,-360082.2079779784,-643203.2706742643,-478739.52463653474
-478174.85438369366,-508427.1480291395,-532041.9260647412,-340349.87672647426
-365135.77679940447,-332581.30316095625,-517823.54036949266,-367826.26863489585
-574399.2420635885,-443410.8394396194,-499991.4380348985,-590619.1937476214
-384088.59888498805,-631581.3648161306,-851375.5072995544,-439453.35184996965
-595944.445042148,-565192.2474759814,-554475.2721442757,-562676.9382379638
-362528.2331411279,-595462.6192793177,-407430.0229096333,-547331.3510120957
-608109.369296398,-610804.0622492356,-668955.7349427951,-899229.7498484298
-620037.2178261023,-584027.0286444826,-335616.22768466326,-763675.5991070167
-412536.02786168054,-354398.77922834415,-423653.18881952,-403397.8977718236
-458860.69799872395,-660186.014223609,-582229.6460765111,-490891.51540220715
-542021.8113521078,-519845.53765740973,-524917.4945495168,-513666.87432316464
-608995.4437680498,-582500.5813227195,-484420.5683223419,-421931.5137289137
-349155.62238590425,-660315.4976583864,-504982.6647259982,-689495.4021916859
-536916.3109678812,-491945.5026083825,-393264.53320655506,-366837.1515417205
-375639.0313638927,-552286.8764404743,-404139.0637865892,-438535.80186001904
-613963.7759512243,-518583.30898383155,-424704.80882198154,-618801.3921564659
-460157.11688396346,-559571.2553762132,-369407.18761917454,-545136.706283491
-488949.8770505952,-399063.17677679233,-476634.9198311728,-351931.0298095625
-393727.0726124509,-667638.466190138,-519041.58211883844,-552627.6460694728
-400836.4260400875,-537793.7261557188,-687423.2600338378,-488337.5746665295
-505985.4629305055,-477787.3070768997,-449273.40809560695,-609773.6163415387
-682486.7436642052,-448672.7495334691,-380056.8683523289,-588572.9286511901
-529201.3791159954,-870934.1036547729,-526470.3880666338,-617569.5748317514
-541652.5690400073,-509746.5083622719,-721412.4497483616,-459610.15776507644
-549996.2750818074,-607354.2778045556,-341726.1242248523,-417267.06434701284
-528103.2308010516,-289097.1800770913,-494076.47805410996,-407266.225886414
-462222.77098125266,-515763.59665598674,-588660.1504766917,-701005.5217417245
-691575.5058248028,-487712.2148652794,-466407.4077404749,-630310.3881021966
-473848.2763323706,-438756.2633754945,-653479.611288899,-411387.32905470004
-427539.38615455694,-450992.61939137016,-408629.18234575744,-416378.20016808464
-424528.0879980487,-389773.0938714074,-437747.8678175928,-382198.93110438326
-678377.7435425953,-492423.1391018666,-489583.1145493822,-326581.515597171
-348113.41318553395,-381738.6100529336,-551739.4786452537,-311138.07426073175
-350733.3487951374,-621593.1668924746,-328623.49306576553,-675579.8663275477
-518237.395836107,-501026.54123809474,-365682.28486480174,-341439.73548091704
-712364.6258003343,-413508.8445766347,-365440.9349963065,-503112.96958447463
-479706.09046836046,-668082.2490131285,-715714.1504718121,-509439.82588649436
-364542.9368554044,-674639.0020895496,-503265.96214197384,-619368.7669468741
-387912.7979783112,-490533.04193527764,-487933.09720499034,-490040.26774946426
-314978.3229000922,-630501.5512475782,-481448.83724253095,-613964.4759129068
-498388.0617155125,-555940.3693771452,-614032.314734347,-496096.62476099824
-441948.4679277708,-517277.6927605263,-534356.6304820308,-756501.1637986666
-586797.8899957555,-506953.99312608165,-622392.0513414241,-599314.3441868612
-327200.07585983095,-622601.7784709856,-668311.5476002948,-371194.5425204154
-565761.8464439355,-511182.87912290066,-620935.2232911715,-806410.9614982551
-429784.6547560189,-840374.4285970624,-366453.5658421654,-558476.6605904117
-397384.1870738376,-425780.7969914576,-462344.02275593276,-419838.43989559746
-557229.6406629214,-590932.4819146144,-439674.9846072265,-660005.0671517793
-591753.7312086715,-386167.2267554845,-464493.6230946678,-530016.9643065875
-515635.79557767947,-531251.7691369478,-516823.73491909914,-551534.1908825113
-465111.4987659502,-397758.4023802081,-540869.8783436494,-596591.981482722
-563911.6462831616,-527499.0652337043,-325931.8225531998,-370925.85364490905
-754193.24600709,-579794.3068922342,-503597.8896877208,-517207.76973664947
-741703.3644848429,-646757.0644946645,-473307.2232206729,-583393.9072805472
-652890.0783057204,-304691.5955679346,-404567.8846518177,-383556.03072371305
-599165.8643966289,-401729.6022530237,-358934.37278758973,-309189.8956138168
-457747.0636516494,-433631.9666299278,-523040.1946359295,-373559.6949748441
-670650.4375370328,-561649.6117691122,-523175.9411083287,-609604.3188180116
-468480.6561888165,-350419.03892893885,-317938.6874865946,-581036.0569470837
-373278.9815402943,-531518.5918376009,-457473.86987022526,-520725.4314030031
-405553.6191797568,-487605.21695801977,-429635.05090813636,-378711.6513096139
-389861.92515970534,-528460.2798576968,-512252.5851772306,-356695.35457696894
-383638.8395797032,-552776.2314002253,-497264.9517718715,-474484.5939901759
-528839.0141769904,-484227.0887383353,-449785.01296145306,-546056.5617690898
-691271.0592759865,-378154.11525129137,-396303.6169462754,-708388.9217208062
-713430.6018615667,-522489.3707953161,-722132.4302955254,-671919.886654788
-429713.0962806728,-594772.4347429557,-565970.083549516,-561646.4741218516
-790483.2626097966,-497783.42029529973,-787013.811792275,-510241.5596889317
-501491.30089424964,-453611.28084651334,-436230.15816226206,-695372.5875932415
-565798.659491702,-430390.4979565259,-521749.91040748643,-530578.1954575675
-495078.9281634023,-401914.6455758858,-469015.0372035314,-812019.1108675518
-509535.31820276944,-499591.9585355213,-445109.5029244197,-290332.98915620527
-740254.4967964658,-621458.9125736369,-605221.4865675905,-319913.57103667594
-594333.5377214204,-352784.0625411663,-454885.92454742943,-547818.7294586505
-527101.8202071214,-338725.43265586864,-542061.653604498,-858459.2523289565
-491598.5338291725,-385695.1443291999,-586340.6359694024,-771046.7137064203
-532495.0732374035,-720706.3584707906,-599245.5388228624,-464551.43420904235
-503896.8238473607,-500824.22830102453,-648930.7374522515,-613177.4634330438
-426844.5445466806,-488835.94504294347,-643556.5360578882,-413240.76901936665
-394331.2883417973,-584565.770548194,-567825.0531840097,-850771.8045162611
-577647.155307308,-505640.1555960565,-600638.3024022599,-516813.01501616085
-517225.31843173853,-406548.07354428415,-701532.0527529991,-542732.0466219796
-587020.4702925939,-518498.50119788374,-470483.31500354817,-701254.7736602565
-553872.575598474,-611090.868685263,-445461.013170517,-715949.9294623587
-395595.8290379707,-380313.85971600545,-541581.1204656316,-386242.0692482266
-476847.39485166414,-692229.4674398438,-393479.1179633176,-470989.2150128206
-399558.6438239361,-430701.7104618724,-468992.8533374387,-378706.7441065152
-557314.7443258553,-548354.3287260579,-761932.1264479221,-724952.1108855214
-590754.90810572,-611014.4342558973,-522393.1185470917,-456449.11822544213
-617978.7141683901,-432112.01223152096,-550358.4701228355,-295396.16336171044
-530027.6680469586,-541969.339661179,-396476.9078179668,-278829.85233860236
-821497.764864022,-555989.2209709341,-684813.9282479315,-546897.0163789308
-476449.90596970165,-464265.26289245987,-575113.739224764,-631750.4452959015
-321984.17710989935,-546019.6088522853,-466033.6858062918,-574217.2372425308
-637830.4749846425,-583655.2237851534,-741509.3592334077,-529543.1715987233
-600707.9943424724,-477951.99991647655,-503385.2405667647,-584473.1245641055
-618939.6100393311,-488274.3365887725,-820192.9349822222,-711524.9965885921
-410731.53071203583,-565298.4230215956,-605611.8783487604,-508217.65594921407
-703009.3144842905,-579244.0456550689,-458073.31267720694,-407645.18261061487
-657730.0959875054,-587450.6091384909,-448443.98414404946,-378094.2465556922
-452394.5191012206,-511726.09037489956,-1022155.5080407665,-607248.2144742553
-566288.2135266832,-553937.4547965629,-986295.021457315,-379575.51071096124
-615218.8294106892,-533989.1279758996,-397490.22746929806,-1119246.5774312194
-547877.8143928048,-400110.86173155886,-558755.4197952141,-647786.592680298
-650893.7917982215,-331143.36671312863,-627221.4716996537,-659376.9655084831
-404094.7294887228,-590927.0341144322,-716824.0709840814,-811103.8190037813
-428894.42228487105,-1117645.8456549381,-444397.5381178996,-653320.5236921253
-412448.9971261078,-424846.40130336065,-397536.725793706,-783041.2463905438
-539396.1762339941,-550717.100390267,-450780.83984447777,-634841.3733279103
-513840.0211895261,-505143.4809869597,-452360.6492432158,-605358.6916437318
-699574.4457499372,-1041758.6346387237,-494127.57686976605,-541052.8274355419
-508805.36456519,-510222.1956486932,-702228.9146449352,-582210.5822376431
-448215.3987971503,-443197.43943461735,-462217.9319412515,-744727.0561104291
-385173.5053522958,-692928.3745572504,-580800.3243076565,-857558.1189474938
-518953.3923268173,-493496.26154216815,-663276.1336664499,-665803.4682204985
-498769.24812862085,-385928.7622548191,-471647.14067682874,-521845.1953258897
-642727.2914762328,-476123.61728765105,-763402.5314208276,-450086.24194583815
-288837.151461092,-605187.0640683109,-769295.7314608577,-588082.5421215539
-470484.4578710981,-359530.72251824883,-605022.9916843735,-499964.86952111474
-819160.7601944586,-809742.2201191408,-446488.4132613573,-729367.2477021877
-391695.3923080412,-483880.35452301044,-551687.472790147,-506974.54737560655
-590125.6733181574,-470687.4662910133,-287460.6617429692,-929640.3205749284
-538044.0593949469,-338045.30072106293,-495217.4547172435,-695012.494066801
-507062.3262095662,-618867.7228076234,-968105.5900870276,-410252.5909736697
-541734.1260916013,-584239.7093827053,-428665.34018493653,-809531.7144076475
-432994.60511045,-633769.2656484975,-494152.4439117542,-693582.1688338772
-580637.1353174428,-881802.1441497107,-591976.4894884148,-609311.9815125818
-513558.4746602311,-371795.3315038859,-626391.9725014278,-601178.2840482125
-542543.0355958606,-567369.8505440807,-803736.2619960955,-712145.4040209433
-529276.8218568612,-497488.08946301,-495695.5803496412,-601842.8685570111
-608328.7114182168,-525278.7763270449,-396953.61352062825,-540202.0258291095
-591030.471678488,-369260.98532229767,-477443.3531420778,-662967.3442286408
-655625.9975257339,-518116.6493148152,-715230.107341307,-405329.38219727774
-547861.6182970657,-732207.9895374684,-587718.3473360533,-404959.94549094676
-464670.1623985623,-712363.4345812823,-570284.5708674676,-663146.3621622338
-462419.55585753266,-667056.4338515648,-301265.571697654,-453280.7824478224
-458889.4645895677,-370270.6493454392,-1129354.9107651627,-394252.0098492957
-651442.8493384043,-594360.5430697048,-320303.6697652318,-593889.1932095519
-410003.06694551324,-468151.2793702579,-423698.4333415705,-315799.0577654537
-580858.002095522,-481289.7613983787,-511775.4214850227,-556492.484047687
-452915.10349896905,-733091.4251223119,-362487.21411367354,-334914.37219011784
-512778.02753697365,-740435.4986714041,-484854.7388290523,-811982.3130401134
-622763.7500461059,-407874.56767349795,-514429.1130182804,-549690.6179112383
-569372.361938631,-675210.9098697056,-575323.083711904,-704795.6976591633
-386617.34900639206,-436894.6838939876,-459690.8140344119,-566179.3223433524
-628660.1951271527,-451365.81439804344,-612131.1382831273,-492183.5570117525
-420958.1354982105,-806181.6924256098,-478554.44975341717,-489236.81093731755
-383543.8929168207,-477979.0525033766,-493557.96651568153,-643417.4272423363
-501787.15359211765,-692820.8347283066,-348307.28272022394,-506602.0269139628
-789517.3561078582,-588291.3705417545,-510860.83493688196,-528662.9414780644
-491181.1928299745,-638427.8724194078,-741373.5947285707,-570224.3547153337
-496503.01499470184,-621923.5575022832,-630119.6753379053,-413283.0802925918
-965037.7444728934,-613996.0415012538,-845741.1723249183,-472334.64949694386
-794303.4832871562,-458014.6590562219,-676450.3461822405,-362237.53431430337
-579934.0098020784,-691363.2525198692,-593525.7976756772,-565734.9304593822
-354308.26409904513,-305445.57958120946,-420556.2490477173,-433305.1305662693
-501808.2672786468,-582952.7086041005,-422387.0759619597,-566453.9546612991
-534400.0091059164,-527652.9674374488,-580107.5500999986,-463351.6096570808
-538809.1092462873,-424102.7520378527,-634972.8977101165,-333797.32481563435
-521360.01726740587,-563900.892909259,-489513.62415702746,-504493.1681066371
-478623.61986903753,-721335.5267539362,-502188.3299228835,-1001385.0194651275
-543013.0687922185,-478872.53097555425,-576376.9714013204,-610804.2385940703
-894751.0462029205,-680759.2773274336,-532022.6205435469,-519459.67181945295
-668866.2905724082,-412501.3608785057,-568575.1081363113,-596879.5615344736
-883393.8491393646,-490558.3975896167,-567745.381471716,-495383.24741306115
-565855.5341615777,-530854.628358467,-558347.972758291,-334196.63766787463
-597360.1031049553,-743569.4843529648,-441082.3131159819,-664668.0340484463
-612127.2502126993,-642419.3782127841,-433187.9426029085,-406487.2627030315
-689305.8267643825,-642602.976819445,-513050.0610497566,-684542.4509171066
-557718.4309569603,-397104.1680337742,-435415.62433727947,-750337.4968263063
-489027.1290362798,-385502.91967111215,-509305.7009455998,-380224.0584524739
-498939.85857772746,-461363.5815292404,-577329.2082867108,-825495.7514516626
-678122.4670370929,-416916.60743166774,-584247.0902652505,-464697.1473024872
-477253.0093756513,-953858.7966016618,-715255.302121801,-592433.7913405462
-429540.1763719076,-952272.393785601,-447360.8063059624,-397974.2122974312
-383322.6533320625,-646178.185957995,-609281.7990743065,-552585.313576392
-747377.1730204789,-433502.1212553158,-386166.48655151273,-564656.3813313561
-564985.6937186179,-922057.2904460042,-703992.4537094926,-720507.3727793943
-527107.7800648065,-676282.2904267822,-642748.2731259181,-543995.0464432575
-400169.23471835814,-505879.70233316114,-602981.1573715054,-440126.8015844948
-653505.4331061298,-440184.8138919458,-407582.93121876003,-511478.20880074135
-331245.96948418126,-549428.168293685,-655779.2875275104,-621844.2679139712
-629197.4576506667,-642149.334155554,-527980.2756050531,-585193.4529201817
-454142.5713697227,-511518.78592146427,-747707.5177259021,-710079.0406134246
-497895.88200307643,-723367.1358997544,-880214.4045890991,-647416.1642086
-471478.48187544604,-661076.0850957509,-624045.7964342769,-341524.8452109201
-612979.2145120989,-497642.43535657105,-920796.5225177199,-442197.5204676442
-451901.0221515307,-848962.3950131509,-599292.1846947889,-768160.9511497094
-611700.0356150422,-466028.93656455836,-503368.6107644205,-694180.6412753271
-731884.5357600097,-633600.9793399642,-662701.2487299544,-391374.6380529048
-363527.1175058714,-532545.5895214048,-649664.2478811913,-367410.8882833856
-454856.4289949146,-509630.7712369437,-438074.02352342714,-430169.7075253703
-502781.28442509007,-438654.0716341702,-639142.8299027344,-531677.5848617177
-498071.55002081674,-962060.315399035,-758360.5073731306,-381106.2859923144
-384244.32968645217,-418074.42358112865,-510880.30529170623,-528541.0632480977
-419288.18882360007,-752930.1338532818,-454851.8430244901,-995093.8789293868
-614468.0858713643,-491645.4666778086,-534879.4938189427,-624637.3303122916
-380350.4645294881,-456074.67237667035,-509301.1649475461,-479115.42237494193
-645742.5993223777,-1073183.3818792524,-646391.7881456956,-724330.393404488
-616320.4665704548,-689430.1468996516,-863881.5182115905,-702487.8528278273
-475876.86099315534,-517225.9137711597,-588840.7648533873,-535232.6983782753
-588514.7171887993,-434640.8228313164,-384791.25766705774,-570627.218284072
-764201.9618121937,-821143.2183078354,-463551.18531476584,-591625.1376581449
-704562.7829052547,-902622.1885686186,-516319.0628438847,-411521.2506507143
-573813.7033514674,-597000.2799074359,-618124.2271879493,-528556.6285798821
-445617.44252556894,-402296.0240611035,-460280.06948746217,-550630.3955471
-307764.00944053225,-562452.7552606796,-590150.8250215619,-476716.8274408649
-296877.3129734239,-835045.9451924228,-588386.2273390815,-656882.3384631086
-675065.1489978624,-526580.515372877,-381042.51656426664,-450103.812915633
-636676.4530992288,-512165.90671977244,-632984.9654551754,-433808.56413563795
-727772.1353502462,-594080.019114378,-599835.1139552888,-465589.5876530045
-452689.32684967463,-623146.9915876591,-620468.4193666867,-446242.80492668186
-553413.1603829467,-725238.8969415156,-425982.24750605715,-601543.3894488213
-740759.3951547334,-707703.6152314816,-767819.8740786477,-456125.6065851308
-699269.8964320787,-707948.1665778689,-489114.88606191624,-509374.8107591412
-768884.9432919754,-506615.03363009426,-602188.0429081479,-720073.6085634793
-466447.4694619449,-556824.8337655795,-405671.22041931853,-558473.4409321159
-416931.67674994207,-388571.58304193034,-433792.2944370244,-442065.35342430155
-364769.09542573954,-563837.4912269895,-426840.077832691,-454967.74103803124
-516438.7715120755,-469219.283993082,-448211.48939991987,-525164.2709967053
-287383.6930373762,-576203.2795422666,-567726.289047825,-799462.3677587787
-785276.9696254076,-601578.0256616363,-584002.5870974917,-518775.39586668747
-471595.103780053,-311220.39783623745,-583272.7327643709,-667547.5712158253
-719532.3347799893,-604363.9787382623,-452302.74496286485,-462215.64899697
-528157.766199562,-565351.5981829967,-832505.394997773,-461208.16573101573
-486905.83674957784,-490567.4949637512,-440518.3050874838,-455194.0999170884
-674091.4085224704,-341679.2835701222,-590778.8882774336,-470567.9914120068
-765332.2916573931,-440801.90714479255,-890513.014496037,-418323.7610751304
-930916.5530469354,-837266.7721720785,-718137.6116810939,-590932.0634156368
-620378.2750118005,-368798.126094257,-572952.2640443146,-745661.6074373107
-651723.465929396,-494857.4267771955,-448245.80953124474,-426855.69548322406
-468301.0160431641,-455395.9120659501,-637827.7899586457,-606732.4932873399
-671595.4905996851,-465664.28031967324,-378057.67872859124,-490283.14833827305
-635709.9709728067,-659885.3134932276,-476251.21147845814,-841259.5185678281
-508628.841300231,-611997.1009795604,-389401.72345472814,-663383.0401566854
-473795.24648082425,-339020.3577534353,-428758.7854991473,-404811.22374915594
-546786.1625690258,-730567.4208634472,-472571.071842317,-494650.23183312354
-598772.4476854632,-552397.3117581734,-432714.4630226186,-398495.99048160756
-647699.5715362566,-491345.3711058399,-593808.6496529139,-538214.9231067832
-629644.1175349609,-514860.47335094685,-413917.54817806586,-411867.37465476256
-574536.4628150612,-515964.3360409441,-592240.1778349794,-412557.30014552147
-426080.9327408802,-555944.5231343319,-398257.658167732,-415185.0372149787
-453038.1507509916,-526028.5787147252,-562302.0989357559,-573834.1106123298
-483375.95745462965,-631777.0587671237,-539434.163855389,-567300.4257505025
-659623.4583990081,-421192.42027626315,-354352.8378640902,-337770.3002806019
-401439.70274749916,-746269.4999476153,-848339.5415188037,-571119.1244579175
-440035.6095747075,-681554.4933942793,-613229.800126552,-531604.358248462
-525005.245540103,-634677.9065260574,-367812.95644246874,-855533.6081736152
-381934.04209791863,-518875.026957966,-455540.48294501065,-659452.8505836541
-789859.1471260265,-652570.3794902129,-298412.26248256356,-436049.3429168143
-491812.69141133357,-651940.00064336,-413224.3516035766,-515615.0929700094
-548485.2322040298,-288896.7377713412,-628402.7876012565,-730581.2088459599
-840990.0927652322,-683610.87424934,-371928.80479580606,-469185.5015841763
-762044.3328636391,-695767.3919149119,-516618.28120038396,-605415.7942592236
-477636.5765393145,-499393.2531524625,-626199.952914682,-662939.9305825877
-564939.324836122,-700545.2745319526,-443259.36940475705,-548702.5736897531
-528572.4159576087,-657471.338644284,-510129.96834470605,-517820.43143111415
-787917.5472092462,-398610.5999605603,-459473.6237990842,-396554.01167575415
-591872.5371045887,-510235.2690990573,-576240.6039712939,-549419.1218966973
-553052.8139361166,-486899.0088834588,-1029585.8837692166,-379187.01222441084
-418886.62690153375,-565753.8918396706,-400968.99490937474,-447401.5092042723
-785693.1308058053,-431976.97024839907,-579307.4570351223,-343355.4343761344
-590074.2198765756,-589823.3202778914,-548604.3598806132,-621385.9752780814
-647099.8502249172,-691639.8435039836,-461267.49622729054,-719509.4183113914
-356525.11566335405,-624655.1834845549,-372046.9684387782,-716872.2201472782
-425924.33965485217,-259489.32431860248,-539236.84680646,-551671.4623874647
-641450.8898496559,-446686.40304417233,-437794.88778861286,-600892.5426263317
-610730.5046551152,-480493.9562712567,-448452.8864938483,-382078.81279193074
-562945.5489575301,-578693.6603537514,-428873.9266253568,-282003.13063864224
-551623.6922691145,-601719.5872718227,-394317.24983844836,-455933.93172712927
-526448.886476355,-493626.5381270765,-690240.3448585542,-543196.0321642625
-331308.39642985014,-530620.7830432497,-462960.10725334845,-534557.6230954363
-378808.60479180043,-301492.1612192522,-706530.1701799954,-624156.228162573
-676141.1388295105,-552226.4766666656,-648761.6375370147,-382388.39725132677
-517928.2142045936,-300762.85904500226,-537459.9916548275,-569161.0939708668
-642937.3346995284,-639915.9434796079,-661811.9624714524,-571863.7754642033
-664261.9250579317,-463675.3914026682,-500931.02409487794,-537792.4920533086
-837181.9281070237,-609445.0694913008,-616399.0288232068,-464243.5525263921
-578353.7777781131,-371703.67040689033,-505879.4985267224,-1012045.2963154527
-457181.66533274594,-542738.338197767,-450540.64743058244,-332673.30688436626
-437367.0198960533,-775164.4193259884,-704673.3321256812,-578098.7491081802
-433463.5160869839,-770927.0499818226,-435937.42572500184,-504391.5908457452
-572739.6639550386,-773850.3616826143,-694520.840421749,-552888.1249564778
-598391.4637340425,-698558.0735922653,-588071.5184955932,-644148.0681075971
-563344.0498947043,-363384.43571441557,-494094.8478965837,-783195.2967321441
-677155.6778041786,-593394.3519770887,-532010.9682468922,-629060.9409756626
-474754.4574270692,-551950.5617180977,-449143.82073744136,-700263.3906112455
-629273.127786947,-741235.5985673072,-654543.8982337898,-569021.3448682141
-592783.753994152,-504100.32638512366,-874328.2430633794,-814641.2450317034
-535589.5474766893,-310417.76534582645,-490534.7255515483,-442470.0214446904
-523843.09509172075,-413478.1923910981,-638383.3887512123,-446213.93380059954
-541905.7736866516,-597950.7601780948,-465112.1077320769,-485219.0093774675
-445976.36640111555,-496133.5907739032,-485876.62538062193,-462660.3973445861
-335955.04899946565,-474888.36623332213,-725103.1538844274,-572221.8799090307
-420256.55098323623,-535060.611898437,-355485.90838129167,-833017.2619812082
-380963.28429038,-489713.6286726062,-758283.0327165959,-480840.2847897354
-498594.19243978517,-440072.81375317444,-452097.51954135357,-645881.7699740862
-734644.2188744335,-484213.79136379895,-633831.515382359,-516462.31591108337
-477287.15851900325,-714483.4497068202,-714454.1890123561,-590761.847935975
-509945.4955963969,-424326.25467362796,-384183.8519811303,-503350.9773142542
-600666.3912327343,-472471.6609538645,-631384.3624822135,-650174.3415251747
-688185.713649127,-532496.7135288146,-511332.49532658444,-435117.84300676367
-455250.82917226094,-351834.64095707005,-392058.2901513464,-553964.2755960865
-510084.68037483376,-676448.4021011238,-517502.7094271917,-580773.2498009413
-679919.3071413692,-579908.707662394,-533037.3469498164,-709684.4718316135
-788680.9302051556,-426832.1633584808,-560504.8145531834,-561854.9265945785
-501869.5246449946,-557358.1462500662,-493813.76611014816,-546767.936358129
-424676.006777126,-540266.8952812112,-597518.5935063569,-396506.2803020876
-517123.40676785266,-488256.4006886128,-507299.6428925661,-495942.93187639513
-662330.980760066,-633666.540202445,-511954.1652109244,-367279.8360082094
-642310.5064137974,-575095.5005321914,-504077.6085631067,-563471.4768017627
-981136.4078374335,-622113.9066147809,-827123.0172074399,-687354.8338270166
-565500.4592054838,-509721.71518797305,-487687.703545901,-615413.6393832442
-413062.0875128202,-543395.4320505536,-396470.35447233333,-379807.7315280754
-552786.6851742567,-508560.73205441306,-518397.39977565996,-526989.5821016881
-444915.4105476593,-780964.8644671219,-489391.03517051716,-738565.1060305175
-447365.97699107433,-615434.9758082498,-661231.6749868095,-1017413.3814006603
-565393.1348897035,-880400.0306531474,-777375.3573332311,-457640.6457309143
-764111.185546967,-905814.6121246975,-348470.5638860611,-587912.4715681269
-403845.1162809316,-497810.7148536816,-731097.1546707615,-406097.6129925245
-557951.1242786397,-706469.472652858,-492492.8675034962,-348342.29234632856
-769169.402823745,-501504.79273149034,-725718.8949999174,-359678.65530986496
-591106.9314355706,-430738.11068900925,-493888.3560719675,-429626.6730716432
-933519.6607970796,-443992.0241088692,-424748.56013604905,-670471.1289265795
-561392.937706491,-799362.8232396964,-452612.5987501717,-468557.9102859797
-714290.5260764598,-882448.2315083763,-732085.9652065093,-729434.1509890018
-513100.0608005923,-371616.3412420757,-670389.5689109777,-713285.6479041254
-539492.6541266238,-682569.3585449684,-606566.0167557611,-515460.26078923006
-395485.2885891075,-505832.43023427634,-489338.7958694261,-758822.6643386151
-466532.8258321834,-411235.6998646874,-384133.3067023622,-492265.23400700465
-783141.2808167313,-441932.140514154,-698614.3954769642,-661740.8588454495
-555055.9543139163,-490272.84311960806,-586803.8475315038,-452983.42514705186
-387201.7952846516,-358872.1553323648,-785604.4568893946,-489208.1344027722
-562886.3955254724,-423631.59990588116,-409018.32016356563,-367928.53980869404
-928924.201124332,-575320.1399109624,-588407.8968586787,-501498.6898970951
-491195.1756091927,-322416.1474479021,-642376.8570048234,-436215.45277252817
-407633.53005102585,-756375.0266363919,-873805.2517064308,-482628.35812164115
-418698.3386217866,-547163.2187865464,-522869.155097707,-711099.0361638379
-410976.95086972404,-311833.2799933405,-700551.7474045034,-475358.234477385
-537246.4420773018,-589092.3937917155,-537975.5803576504,-321608.2890668711
-428963.4553158872,-962846.8241266839,-560946.7374932438,-388095.7661059702
-380029.25692796486,-679690.2897707303,-405217.08848384715,-573952.4275246569
-384670.8869949064,-452004.86089741497,-663631.719180194,-497538.8374375704
-689107.1738502347,-557238.88449868,-467795.9126032438,-385704.1390885878
-466296.96220091655,-585345.2020749924,-442852.22302773653,-392653.70022316935
-768855.5955529467,-362414.0012588177,-801616.3881624623,-667589.0127116614
-487303.1093843261,-440395.2290519248,-524463.0027160664,-526211.2180981025
-411260.5844911949,-425771.7549028427,-466446.29993496026,-449867.60697941144
-711394.6110222018,-360230.97000221355,-397296.37727682106,-377201.7601847432
-583309.7709147152,-362758.3667179464,-509326.63101049926,-535989.6850230792
-716303.5760365245,-456832.07668872166,-457210.5116605508,-617610.9705527826
-488720.09646199923,-617712.7295640183,-398802.349537593,-514298.20464983326
-551513.4299390864,-514670.41965023306,-544933.9459360433,-568059.0442593561
-621138.2844511557,-593644.2062695228,-521649.11285345757,-587241.3379370279
-491902.1762812889,-647617.7648092373,-439387.7038621438,-550702.318862565
-528012.7103955733,-452323.2612186832,-539427.2973976918,-492073.33508230606
-427554.0167330001,-603445.3456221888,-619068.511288705,-478393.22586117237
-607154.9479389428,-488197.25906150544,-702080.7932791344,-516912.1016306372
-428964.705029102,-599026.0960504635,-404220.18026007584,-588330.0612363241
-489997.93599201937,-629653.8615288541,-716253.5404368684,-539464.343112165
-483035.2184521093,-434311.0758498657,-707481.3383295105,-1025127.8212843409
-441137.17485799466,-593025.2172940648,-719070.2264845772,-573775.3361674293
-453252.24458615435,-584581.1000010094,-327667.5046846762,-568261.4721707045
-414905.7426106124,-480583.82007987506,-450022.8298899959,-857121.7669199383
-399328.39041557105,-570841.7423846342,-1022451.1485157593,-903091.298789255
-487397.2214485299,-882007.819328738,-696072.8664053287,-701909.2158659791
-631430.4891204733,-563569.1057404466,-605864.4233475671,-600777.8640293574
-751248.5953254089,-935851.402754186,-591845.5497871251,-579063.0741175833
-561073.3878703603,-839014.9524645663,-508491.6763819794,-495837.4102845289
-303089.73842427466,-1140564.0356845926,-583184.7778291553,-643105.931532077
-437072.2942459992,-560518.3105992966,-687835.8579133506,-421263.4240428079
-838761.6823960834,-523169.82129722316,-431622.98658927967,-617288.9017643073
-604514.6818382909,-429773.3134530788,-430010.231968627,-449258.8616863558
-405576.41234145267,-386755.6814110749,-444648.5015881404,-596284.8101798027
-541066.0009205579,-368570.9071495439,-588080.9996805284,-632374.2688117753
-574293.0160972846,-405452.59210707335,-590216.4137436504,-502203.7861656398
-482144.04750508914,-570648.4556750006,-581609.8622568524,-476283.20783782186
-511731.61685149494,-692950.4950310527,-339864.2894421912,-547677.9370292309
-354715.1748184658,-602561.93457509,-812024.8455191285,-463124.02886549174
-545130.6255760838,-710458.0500270018,-486541.3277636364,-478919.4326285234
-658290.2648683327,-490650.668063632,-424967.3694816678,-1086480.2893002862
-474315.8180079257,-775241.5607803533,-449407.4544288543,-662133.1501839791
-578427.3436921729,-574281.793384639,-622368.9064419572,-771230.8892664089
-627390.1388543551,-518891.84550091473,-675218.6941802201,-461271.1912689362
-373788.3968018598,-450918.27056153165,-329798.54778696626,-541320.910784929
-814892.5872586273,-429303.5833501381,-436204.93634031893,-623546.4126742108
-421325.2555552019,-785068.083313025,-658108.234149619,-699338.3228761333
-603372.0775890173,-618245.3047122206,-940446.2797805766,-501920.8837173015
-508133.5955391113,-887295.8828334529,-374177.59420984675,-807043.8849197626
-723255.8596516973,-705308.8935116633,-724979.6255168825,-427902.830037475
-428584.8107041383,-572051.0762792589,-555402.0770062848,-572369.6831818041
-643910.885046335,-596391.113590912,-622862.0880362164,-718234.9600190988
-528000.5539207679,-400281.7405690985,-464859.30699783313,-605158.6648357977
-442227.7562619918,-637833.4733828806,-564832.3060392822,-841915.5759301578
-606809.1888411188,-619548.7907199208,-516357.0188304986,-436965.62474035256
-705206.2547922438,-474014.24960137083,-412341.52612354065,-592840.5847408369
-407969.8693388097,-405359.6550112448,-457572.3968739911,-552957.4950564016
-415380.5523391154,-618803.5619759404,-420417.1834632429,-647972.2040098492
-660322.9805046249,-430513.2165665287,-525740.0330241651,-582649.2515751702
-554507.21331976,-608315.5477947955,-548329.2627030818,-606685.2057761293
-701665.6582532441,-691947.0990162434,-779413.5172002489,-263900.82435692527
-443005.32660586643,-361860.5557918687,-486673.5188409402,-688396.1179020613
-607459.2160084553,-552398.6458540421,-356357.61599210935,-707841.0504754012
-565616.8827892815,-507269.60722780915,-727365.0760160995,-535508.9182830373
-685805.4432221246,-684488.6580489816,-422651.1981304157,-410683.570398736
-1160980.489408265,-397248.5297791718,-945995.1876603131,-497772.6089766278
-574211.4422879975,-348858.3315787969,-567480.8370433387,-669726.5661467587
-767172.8430280442,-350635.5262086023,-583615.519572286,-610496.8128569925
-489614.1890041343,-836449.2749786313,-654640.4651951158,-651352.9802537509
-432229.7781310679,-289945.5770858449,-609951.2172510286,-548172.8046779835
-453464.90464061784,-403835.94427148235,-544729.4062328504,-636604.2729467716
-646668.9629621928,-647811.4929490905,-669330.799260218,-600380.9326761803
-693664.8333704459,-561224.9754512209,-432914.3941919764,-589458.0597344137
-414144.18629117304,-871443.1129535196,-430909.77004869573,-499025.4360266547
-383565.9997809074,-656583.3534115675,-623143.0191490755,-503191.0418752123
-625776.1413988352,-773661.6613797395,-398079.5060379623,-365264.0852785589
-530527.9442612192,-662750.2786881339,-621472.8086489894,-471294.05614442565
-654558.0795193808,-556893.0484466403,-440157.9986677644,-485934.93528323935
-433026.0400301723,-436192.0339196125,-612917.0084323523,-589518.7190305933
-560390.5547742635,-848187.1687414091,-620766.383877642,-770235.0228510798
-821989.5028367281,-538689.6960592992,-870159.1302418489,-400512.61579754855
-457359.5980490705,-368541.8138504113,-432558.98446492804,-458007.1942172163
-351440.2202508098,-521570.9264510516,-611403.2717894193,-477065.2237479265
-578153.4809428948,-541218.9776979012,-559050.6148736099,-603441.9596296473
-336705.5543341071,-592740.5543575664,-657863.4868568815,-469475.09183186694
-473422.85771454696,-459724.58720970043,-723378.789038999,-587155.4237649584
-599973.4102284153,-627605.5567022127,-603809.254528371,-721378.9947596167
-444957.90403457556,-542555.3287793009,-508064.025053269,-925161.7743533535
-655698.7851871601,-484469.98752251465,-463197.43970744335,-481881.14500657615
-333485.9738606717,-581361.0921514056,-632385.0216855794,-411121.2422058586
-432019.99678132305,-404290.50031542627,-308861.5577572216,-381185.10748698266
-652304.0490934929,-314923.7538837692,-663591.2313485815,-439601.24368757627
-454816.1343218201,-406218.8120246385,-584790.119957239,-386497.6141815708
-667822.001745644,-489633.40640264197,-577392.7091194051,-766345.7339801885
-606705.7977470685,-365257.6164081497,-387447.00877052464,-348751.4563848675
-599235.891609326,-404200.66882006655,-396914.46141421696,-399235.85961261485
-454051.15334763547,-861270.7873412773,-528190.5972508444,-550642.2316236622
-344847.572272789,-881311.6949713241,-445059.9167508132,-546755.5775722862
-565777.4934204419,-454871.819945831,-754576.5165868042,-594267.1277168653
-516107.068136655,-576721.1041233786,-540323.4940932704,-701987.8023856527
-537385.7128744598,-545634.997574951,-509257.9080062992,-592691.7826121014
-598637.0436912241,-559620.8112671182,-448503.0784168347,-642710.4757093128
-690230.5929034476,-609152.3457470766,-583679.3509790614,-672688.0300035876
-736076.486165332,-799260.6269871024,-480218.09485361434,-758746.1353611939
-604905.0857660887,-324070.4664260875,-538525.0127190717,-430621.5617817358
-631927.5551219756,-658237.1875084138,-906875.8833127475,-607033.3266656238
-890683.4895999674,-547435.3143326609,-606070.6538809869,-627042.1294525097
-624404.282746305,-825014.8927257586,-488939.9818101835,-769464.5001677716
-480169.8698142702,-542667.2994214263,-523482.3368911981,-485044.25143714494
-375487.9868239343,-377059.50131827383,-546156.5245214092,-611013.8314857563
-507794.9028102846,-665019.0872437882,-487754.6041377398,-518829.4832389679
-588707.9423617517,-1180692.8188348273,-829209.5007495444,-528179.8721442317
-667169.858288331,-698402.0316753646,-706303.1436293772,-328936.6174652728
-493492.2959450365,-451879.69857478474,-540842.6616356138,-559700.7194139641
-449272.45335119625,-538758.6307955488,-705778.0897182991,-412066.385563248
-553361.5307614959,-592527.0386568111,-599546.2666414346,-371530.7265241828
-443914.10886770976,-513758.23742877576,-382956.05557712173,-770930.1383087687
-444947.34363231907,-537761.9080680663,-370061.38575053174,-998044.9560457994
-376371.02409151685,-449885.9098787412,-538099.7898482811,-520161.7053215014
-606891.2124543606,-397131.58872148144,-659609.2655788101,-360071.8932643176
-716367.3755808057,-645831.2186374675,-641582.2838527141,-475783.49651459634
-469933.7656828363,-609625.0340609369,-956266.1781103709,-473296.075722324
-465160.1870255438,-491326.4206949431,-702601.5162346195,-305486.655648043
-751065.1387221004,-451485.2145952052,-545426.1763918462,-658588.576435895
-559584.9374371525,-474554.2149765592,-532758.0491238163,-446549.3503289408
-455985.9949389577,-549066.5520262803,-451406.39126259973,-743969.2391048035
-724371.8745252148,-481916.7637480416,-433288.538281825,-530215.6416934258
-729537.2273316369,-504659.26079436886,-419453.90547003766,-746327.4030441595
-588951.1490375033,-405036.54723897454,-347183.50990814826,-545620.5395781805
-425365.285967997,-459062.1067058219,-543426.5488488999,-606746.7607423898
-518255.50476878136,-562290.6732372305,-720112.8930023581,-387041.8912031333
-443556.15625208255,-573367.4142737461,-556712.9126643752,-381328.76095984946
-804704.9776473766,-504990.8062664285,-617589.2734088894,-559702.3265268797
-548641.424993445,-628113.8879573961,-1014841.2894075556,-576162.1933040363
-647426.5815410357,-743424.8676024637,-957973.2891586992,-419970.1489439194
-880993.5971232618,-346004.2810734683,-494316.7299032532,-545502.9994172286
-768549.1234209413,-751379.3633939805,-762815.8095361913,-647943.8125028613
-503249.16228401713,-705535.6064363983,-554792.030235966,-399949.66331725166
-525826.1153064074,-526179.1535300487,-621138.4745638303,-377816.10963713995
-578047.6623838216,-573317.7309072313,-981211.7639673427,-505271.4219887184
-963183.666423065,-532332.6635649106,-578291.4873402067,-552323.6625738277
-621849.5949840593,-534294.0526395839,-445650.92899670877,-575190.439739017
-821028.7056351306,-599819.1137433795,-391750.8853264754,-548823.0627630682
-606637.4712761076,-624712.5752298684,-457153.9588550519,-532263.7483608712
-574542.5794310905,-528118.2918439067,-562048.9665508367,-720799.9970441884
-332232.9286383959,-575914.2635313784,-451483.63247937197,-459074.8998764954
-633993.1057768577,-559371.864584692,-461129.37819179235,-804798.5533642598
-584261.638765033,-576119.5899350649,-1074145.9766922668,-584316.0829664852
-513539.0248311595,-856882.1945742773,-659030.382884792,-351268.1626083143
-393990.3576982912,-467381.8903050535,-603797.3242204131,-511718.32359580864
-417759.0225487609,-409901.8681549357,-543994.8733302887,-411872.5927418549
-499416.36460556026,-534155.5988015889,-374306.62694392784,-561942.5870650873
-598068.3357971882,-560326.5120309895,-556288.1179083153,-656233.5700458605
-591532.4681026142,-379107.55318886373,-391393.2561666151,-680912.1356844427
-629627.0709403504,-692851.5082208451,-498365.9599054544,-449286.51068623085
-364455.3916703051,-674454.4423802167,-450889.00418513105,-589461.4922503345
-574180.2124901636,-576813.9318724242,-548865.184954584,-546365.4829318488
-825719.7666865543,-599077.833886834,-593199.4872535354,-579775.7465663259
-757079.6518331202,-281974.2563458255,-464650.80018980947,-343915.8882063347
-872256.0530890494,-901284.0478877524,-932333.9259876168,-568542.361083303
-625463.814457238,-629907.2453119594,-511332.5674013464,-489295.6486331741
-633115.5886220228,-802304.6302413275,-850177.0066129412,-714990.1418387841
-485692.5845778129,-747751.5899494352,-554985.0276089782,-909040.6099769659
-632692.0170500195,-485782.80890710733,-803321.7584212387,-458498.4106585898
-827308.8369965393,-583381.3732375458,-736715.4564636099,-557972.0820627194
-858601.9197223708,-547879.4121752421,-482922.0870018868,-631965.4070829442
-489491.42972701835,-512465.3012008194,-536903.2237948539,-804105.6293574406
-437714.69412427745,-712518.0190414938,-470140.322198656,-797984.6929863943
-396099.18177874363,-612229.9631340018,-534883.2332361775,-493860.0523472614
-406051.1319563911,-554373.3826819808,-575082.3958696858,-568720.9503751679
-477151.90153340483,-656573.8103381164,-611207.3743335017,-440102.12166268844
-522597.2508256979,-599517.4841457057,-605805.9545809885,-820455.2451373145
-613349.8104398727,-610021.5687206939,-522252.3639180731,-564464.3253092632
-649323.5306756368,-475030.8256038302,-536617.5172168546,-611101.0340399675
-519010.9462312163,-551740.5919573888,-511442.5666230208,-582244.1447157986
-557321.3303576369,-405697.8091346535,-659003.6966501818,-459288.20500395325
-545424.489496759,-871501.0275572793,-487241.78712277993,-676623.1314750719
-596834.7479471227,-677525.5476164109,-443741.6496575345,-663879.0619279462
-484589.5006218799,-438123.121226589,-582753.64009384,-574040.925517686
-486066.6930276046,-507465.89383092476,-298275.0002016404,-415970.9082806016
-377730.9769985917,-466814.1505517839,-385645.45993492164,-633967.0401849981
-672411.073675945,-321456.9447927349,-715217.8958377911,-533367.2726903008
-380136.0996551962,-601914.2924120646,-563552.6179482195,-388631.57037587045
-548337.2920399207,-660289.6363525171,-867616.8152278244,-492062.04996739124
-617303.8175502571,-714294.5959417041,-546805.3509986574,-518903.0121339788
-461450.5764206067,-510967.21674759133,-451380.0044567917,-532464.6843089681
-743108.095852989,-550501.6512457519,-427473.9628525694,-616095.7294384701
-496466.37836313405,-633289.6737291043,-775549.7901710763,-584193.402213357
-854636.6636716614,-550957.8207185714,-436004.04668126116,-693834.5800570584
-439898.1191221246,-687203.5595318921,-638689.6584106201,-695038.3610613542
-429598.6953459291,-816883.0746631969,-621521.5067972839,-582858.8503343853
-585840.6563146149,-476220.71927463525,-572126.6933185094,-520428.89901456377
-385235.6067972547,-515750.31876007246,-570418.8882988989,-497948.9199982876
-444739.9177599941,-637466.4880822854,-575435.5822023428,-508581.6778350814
-322328.417148987,-420183.7652926821,-436076.34348617337,-515148.1962042662
-507119.88723189716,-494890.3163543655,-598533.6974138053,-579313.2750095271
-507220.4629511139,-479234.588167832,-685774.344368903,-671930.214414323
-678948.7297999096,-634868.6550687988,-521083.46060961206,-569245.6577205117
-488924.41972492076,-456783.0509552167,-547499.8283013839,-317379.2509378238
-386962.5908962788,-429657.0444593183,-425139.2003614189,-369624.9784672423
-731548.7669458002,-570914.2540436512,-628364.1404534007,-578428.5559074174
-422395.8266537608,-529172.7085675745,-614690.6427908132,-614801.0073640756
-369755.26006502303,-540199.7901976241,-410857.71711183887,-529684.1037479283
-691921.8494744274,-587245.2259180731,-914463.8940083517,-492708.05685623677
-401712.18559155666,-425800.5529862008,-451272.7956163156,-533738.1769282535
-502544.4519995803,-921957.9151623828,-614551.186362058,-492102.5953429527
-556144.1303087843,-546437.1732274261,-480858.42203925527,-793513.114905701
-771391.450577958,-671048.5296713468,-774338.4522315842,-807391.9346725928
-422110.13627154625,-935678.7213641612,-602092.3717525057,-511254.97163852316
-555168.1873153104,-320147.15372712555,-670833.6316215788,-480635.8813320684
-663492.7761080499,-426208.2149192696,-1224654.8077593085,-813132.0349870418
-572408.3338013538,-475051.4734970423,-977529.851577359,-718061.3121703576
-625344.7416661405,-466621.86544457887,-662552.1326649854,-450383.1610049227
-715416.0579843445,-529425.2106800089,-915468.3679799502,-957950.1246987445
-485588.0391922889,-549351.2880411588,-811610.7623487763,-564006.5740771751
-546408.5298047389,-481878.31744314067,-450069.452214344,-503655.2532641661
-415123.15704818204,-505566.4364740155,-480751.2450744562,-623979.5121502824
-702704.012169387,-410465.7408363391,-1150521.711978124,-532281.01229893
-903299.1524365353,-668946.2897908982,-405907.99511955446,-506270.01803806657
-637251.1009876811,-820340.7911097236,-889724.665860846,-904964.9871841618
-600055.8330623907,-455692.7609157327,-477169.7741103291,-761952.5343829416
